job.name,scen.name,rep.name,rep.methods,model,coef_of_interest,N,imp_m,imp_maxit,mice_method,dag_name,method,bhat,bhat_lo,bhat_hi,bhat_width,EY_prediction,overall.error,beta,form_string,gold_form_string,sancheck.prop_complete,sancheck.mean_RB,sancheck.mean_RC
job_1,2,1,gold ; CC ; IPW-custom,OLS,A,10000,5,100,pmm,9B,gold,2.02619731611732,1.96703267570856,2.08536195652608,0.118329280817527,7.02219425846318,,,B ~ A * C * D,B1 ~ A1 * C1 * D1,0.1399,0.139899999999999,0.501
job_1,2,1,gold ; CC ; IPW-custom,OLS,A,10000,5,100,pmm,9B,CC,1.78425492010702,1.41481398137824,2.15369585883581,0.738881877457571,7.01850727572026,,,B ~ A * C * D,B1 ~ A1 * C1 * D1,0.1399,0.139899999999999,0.501
job_1,2,1,gold ; CC ; IPW-custom,OLS,A,10000,5,100,pmm,9B,IPW-custom,2.26453242255835,1.4193543152872,3.1097105298295,1.6903562145423,7.02462273220548,,,B ~ A * C * D,B1 ~ A1 * C1 * D1,0.1399,0.139899999999999,0.501
