job.name,scen.name,rep.name,rep.methods,model,coef_of_interest,N,imp_m,imp_maxit,mice_method,dag_name,method,bhat,bhat_lo,bhat_hi,bhat_width,overall.error,beta,form_string,gold_form_string,sancheck.prop_complete,sancheck.mean_RB,sancheck.mean_RC
job_1,1,1,gold ; CC ; MICE-std ; Am-std,OLS,A,10000,5,100,pmm,6A,gold,1.99405274766791,1.97411025994581,2.01399523539001,0.0398849754441963,,2,B ~ A,B1 ~ A1,0.4132,0.4132,0.5092
job_1,1,1,gold ; CC ; MICE-std ; Am-std,OLS,A,10000,5,100,pmm,6A,CC,1.99185446550383,1.96064437801829,2.02306455298937,0.0624201749710811,,2,B ~ A,B1 ~ A1,0.4132,0.4132,0.5092
job_1,1,1,gold ; CC ; MICE-std ; Am-std,OLS,A,10000,5,100,pmm,6A,MICE-std,1.99756520302535,1.97471679507242,2.02041361097828,0.0456968159058662,,2,B ~ A,B1 ~ A1,0.4132,0.4132,0.5092
job_1,1,1,gold ; CC ; MICE-std ; Am-std,OLS,A,10000,5,100,pmm,6A,Am-std,1.98801069226494,1.96589235157726,2.01012903295262,0.0442366813753665,,2,B ~ A,B1 ~ A1,0.4132,0.4132,0.5092
